fold,balanced_acc,skipped
1,0.05708702449192288,False
2,,True
3,0.41793134598012643,False
4,,True
5,0.5172270651722707,False
