Metric,WT_Median,MUT_Median,U_statistic,p_value,Significant
alpha,0.2233777912566345,0.1977024561999117,363769.0,0.42578887796514286,No
K,114.07483021236379,166.19411625794768,313134.0,3.245939545388272e-05,Yes
D_est,13.549905725539041,17.009467105014394,324997.0,0.002741662641053602,Yes
P_est,1.7862024873047374e-07,1.604690152346888e-07,367092.0,0.2621170686669555,No
