Indicator,WT_median,MUT_median,p_value,Significant
Pax7,0.7505827505827506,0.65,0.03596403596403597,False
MyoG,0.8048780487804879,0.8571428571428571,0.20202020202020204,False
GFP,0.8280293757649939,0.7706146926536732,0.35238095238095235,False
BrdU,0.8559948569591771,0.870680044593088,0.422527407168231,False
GFP/BrdU,0.8035714285714286,0.8117647058823529,0.9148485865792471,False
