source_file,Genotype,r_peak,g_peak,corr_length
MUT-1.tif,MUT,3.0,112054.15793480934,9.0
MUT-2.tif,MUT,3.0,79023.63686563836,11.0
MUT-3.tif,MUT,3.0,45425.053540816974,9.0
MUT-5.tif,MUT,3.0,43006.83420908704,9.0
MUT-6.tif,MUT,3.0,41952.01900078724,11.0
MUT-7.tif,MUT,3.0,40627.93918245203,9.0
WT-1.tif,WT,3.0,76840.63242703484,9.0
WT-10.tif,WT,3.0,28767.976859964223,9.0
WT-2.tif,WT,3.0,174053.63183145554,7.0
WT-3.tif,WT,3.0,105265.95775882054,9.0
WT-4.tif,WT,3.0,32556.59484139925,13.0
WT-5.tif,WT,3.0,53552.42899331434,9.0
WT-6.tif,WT,3.0,46211.37986920698,11.0
WT-7.tif,WT,3.0,68060.96966947739,9.0
WT-8.tif,WT,3.0,45226.88256441435,13.0
WT-9.tif,WT,3.0,43881.563386518246,7.0
